date,region,product,units_sold,unit_price,revenue,customer_satisfaction
10/1/25,North,Widget A,120,15.5,1860,4.3
10/1/25,South,Widget B,75,20,1500,4.1
10/1/25,East,Widget A,95,15.5,1472.5,3.8
10/2/25,North,Widget C,60,25,1500,4.5
10/2/25,South,Widget A,130,15.5,2015,4.6
10/2/25,East,Widget B,80,20,1600,3.9
10/3/25,North,Widget A,110,15.5,1705,4.4
10/3/25,South,Widget B,95,20,1900,4
10/3/25,East,Widget C,70,25,1750,4.2
10/3/25,West,Widget A,105,15.5,1627.5,4.3
,South,,100,,2000,4
10/5/25,West,,50,18,,4.1